,RunId,iteration,Step,width,height,density,biomass,variation,Fine,On Fire,Burned Out,Partially Burnt,Alived
0,1,0,38,100,100,0.65,5,1,6,0,6279,192,198
1,7,1,37,100,100,0.65,5,1,11,0,6335,212,223
2,3,0,38,100,100,0.65,5,3,12,0,5946,481,493
3,6,1,40,100,100,0.65,5,0,8,0,6420,52,60
4,0,0,37,100,100,0.65,5,0,4,0,6324,50,54
5,4,0,39,100,100,0.65,5,4,30,0,5837,626,656
6,2,0,40,100,100,0.65,5,2,5,0,5971,412,417
7,5,0,42,100,100,0.65,5,5,1,0,5740,704,705
8,8,1,38,100,100,0.65,5,2,4,0,6126,368,372
9,9,1,39,100,100,0.65,5,3,15,0,6020,499,514
10,11,1,43,100,100,0.65,5,5,3,0,5774,704,707
11,10,1,42,100,100,0.65,5,4,3,0,5895,620,623
12,13,2,38,100,100,0.65,5,1,2,0,6336,196,198
13,12,2,37,100,100,0.65,5,0,1,0,6522,49,50
14,15,2,39,100,100,0.65,5,3,7,0,6044,523,530
15,14,2,40,100,100,0.65,5,2,5,0,6097,394,399
16,17,2,42,100,100,0.65,5,5,4,0,5745,701,705
17,16,2,41,100,100,0.65,5,4,11,0,5840,653,664
18,19,3,39,100,100,0.65,5,1,5,0,6262,197,202
19,18,3,41,100,100,0.65,5,0,9,0,6472,47,56
20,20,3,40,100,100,0.65,5,2,4,0,6094,376,380
21,21,3,42,100,100,0.65,5,3,2,0,5933,536,538
22,22,3,43,100,100,0.65,5,4,0,0,5926,597,597
23,23,3,43,100,100,0.65,5,5,7,0,5780,687,694
24,24,4,40,100,100,0.65,5,0,4,0,6443,48,52
25,25,4,39,100,100,0.65,5,1,5,0,6274,199,204
26,27,4,40,100,100,0.65,5,3,8,0,5944,551,559
27,26,4,39,100,100,0.65,5,2,5,0,6114,377,382
28,28,4,40,100,100,0.65,5,4,13,0,5881,623,636
29,30,5,39,100,100,0.65,5,0,6,0,6495,44,50
30,29,4,42,100,100,0.65,5,5,11,0,5768,691,702
31,31,5,38,100,100,0.65,5,1,1,0,6308,205,206
32,32,5,37,100,100,0.65,5,2,9,0,6200,342,351
33,33,5,39,100,100,0.65,5,3,6,0,6054,527,533
34,34,5,40,100,100,0.65,5,4,15,0,5882,624,639
35,35,5,41,100,100,0.65,5,5,1,0,5772,720,721
36,36,6,40,100,100,0.65,5,0,2,0,6499,38,40
37,38,6,38,100,100,0.65,5,2,4,0,6074,391,395
38,37,6,39,100,100,0.65,5,1,10,0,6329,189,199
39,39,6,40,100,100,0.65,5,3,0,0,6014,525,525
40,40,6,42,100,100,0.65,5,4,4,0,5853,625,629
41,42,7,38,100,100,0.65,5,0,3,0,6507,53,56
42,43,7,40,100,100,0.65,5,1,17,0,6206,216,233
43,41,6,41,100,100,0.65,5,5,1,0,5806,742,743
44,44,7,42,100,100,0.65,5,2,10,0,5996,395,405
45,45,7,39,100,100,0.65,5,3,4,0,5884,565,569
46,47,7,42,100,100,0.65,5,5,7,0,5689,762,769
47,46,7,42,100,100,0.65,5,4,6,0,5879,661,667
48,49,8,38,100,100,0.65,5,1,5,0,6261,210,215
49,48,8,38,100,100,0.65,5,0,16,0,6438,46,62
50,50,8,39,100,100,0.65,5,2,4,0,6097,397,401
51,51,8,41,100,100,0.65,5,3,0,0,5996,528,528
52,52,8,40,100,100,0.65,5,4,4,0,5919,639,643
53,54,9,37,100,100,0.65,5,0,9,0,6442,48,57
54,53,8,43,100,100,0.65,5,5,10,0,5740,665,675
55,55,9,41,100,100,0.65,5,1,2,0,6246,200,202
56,57,9,39,100,100,0.65,5,3,7,0,5991,493,500
57,56,9,40,100,100,0.65,5,2,1,0,6157,389,390
58,58,9,40,100,100,0.65,5,4,2,0,5870,667,669
59,59,9,41,100,100,0.65,5,5,5,0,5860,708,713
60,61,10,40,100,100,0.65,5,1,18,0,6287,185,203
61,60,10,38,100,100,0.65,5,0,4,0,6521,45,49
62,62,10,38,100,100,0.65,5,2,1,0,6148,366,367
63,63,10,39,100,100,0.65,5,3,1,0,5928,551,552
64,66,11,38,100,100,0.65,5,0,5,0,6481,37,42
65,65,10,42,100,100,0.65,5,5,3,0,5820,723,726
66,64,10,42,100,100,0.65,5,4,2,0,5873,634,636
67,67,11,38,100,100,0.65,5,1,12,0,6267,208,220
68,68,11,38,100,100,0.65,5,2,6,0,6116,367,373
69,69,11,41,100,100,0.65,5,3,7,0,5920,528,535
70,70,11,41,100,100,0.65,5,4,7,0,5911,610,617
71,71,11,42,100,100,0.65,5,5,8,0,5726,747,755
72,72,12,38,100,100,0.65,5,0,0,0,6364,53,53
73,74,12,38,100,100,0.65,5,2,2,0,6136,405,407
74,73,12,39,100,100,0.65,5,1,9,0,6222,207,216
75,75,12,40,100,100,0.65,5,3,2,0,5984,527,529
76,78,13,37,100,100,0.65,5,0,7,0,6428,49,56
77,76,12,41,100,100,0.65,5,4,6,0,5874,625,631
78,77,12,42,100,100,0.65,5,5,5,0,5755,755,760
79,80,13,38,100,100,0.65,5,2,2,0,6063,394,396
80,79,13,38,100,100,0.65,5,1,3,0,6344,191,194
81,81,13,39,100,100,0.65,5,3,6,0,6048,503,509
82,82,13,41,100,100,0.65,5,4,1,0,5852,640,641
83,83,13,40,100,100,0.65,5,5,5,0,5824,727,732
84,84,14,36,100,100,0.65,5,0,10,0,6477,30,40
85,87,14,41,100,100,0.65,5,3,8,0,5984,527,535
86,85,14,38,100,100,0.65,5,1,6,0,6264,181,187
87,90,15,38,100,100,0.65,5,0,3,0,6451,45,48
88,91,15,36,100,100,0.65,5,1,3,0,6244,195,198
89,89,14,41,100,100,0.65,5,5,1,0,5792,706,707
90,86,14,39,100,100,0.65,5,2,5,0,6234,365,370
91,88,14,41,100,100,0.65,5,4,10,0,5826,657,667
92,93,15,40,100,100,0.65,5,3,3,0,5949,523,526
93,95,15,41,100,100,0.65,5,5,8,0,5825,736,744
94,97,16,38,100,100,0.65,5,1,9,0,6227,213,222
95,96,16,38,100,100,0.65,5,0,1,0,6453,49,50
96,92,15,39,100,100,0.65,5,2,2,0,6099,396,398
97,94,15,42,100,100,0.65,5,4,5,0,5857,637,642
98,98,16,39,100,100,0.65,5,2,8,0,6057,381,389
99,99,16,42,100,100,0.65,5,3,6,0,6018,525,531
100,100,16,41,100,100,0.65,5,4,0,0,5773,653,653
101,104,17,37,100,100,0.65,5,2,17,0,6119,365,382
102,102,17,39,100,100,0.65,5,0,7,0,6344,40,47
103,101,16,41,100,100,0.65,5,5,2,0,5829,681,683
104,103,17,39,100,100,0.65,5,1,8,0,6345,200,208
105,105,17,38,100,100,0.65,5,3,3,0,5980,530,533
106,106,17,41,100,100,0.65,5,4,5,0,5926,576,581
107,107,17,42,100,100,0.65,5,5,3,0,5780,757,760
108,108,18,39,100,100,0.65,5,0,5,0,6484,28,33
109,109,18,38,100,100,0.65,5,1,4,0,6373,197,201
110,110,18,38,100,100,0.65,5,2,7,0,6251,357,364
111,111,18,41,100,100,0.65,5,3,7,0,5864,530,537
112,112,18,39,100,100,0.65,5,4,4,0,5907,618,622
113,114,19,38,100,100,0.65,5,0,4,0,6367,45,49
114,113,18,43,100,100,0.65,5,5,5,0,5745,719,724
115,115,19,40,100,100,0.65,5,1,1,0,6255,222,223
116,116,19,38,100,100,0.65,5,2,2,0,6172,386,388
117,117,19,40,100,100,0.65,5,3,9,0,5949,488,497
118,118,19,41,100,100,0.65,5,4,1,0,5909,610,611
119,119,19,42,100,100,0.65,5,5,9,0,5764,725,734
120,120,20,38,100,100,0.65,5,0,6,0,6466,44,50
121,122,20,36,100,100,0.65,5,2,3,0,6186,362,365
122,121,20,37,100,100,0.65,5,1,1,0,6299,193,194
123,123,20,41,100,100,0.65,5,3,6,0,5895,536,542
124,124,20,43,100,100,0.65,5,4,2,0,5788,666,668
125,126,21,38,100,100,0.65,5,0,2,0,6455,38,40
126,125,20,42,100,100,0.65,5,5,9,0,5742,713,722
127,127,21,40,100,100,0.65,5,1,1,0,6384,212,213
128,128,21,40,100,100,0.65,5,2,9,0,6103,373,382
129,129,21,41,100,100,0.65,5,3,3,0,5982,523,526
130,130,21,42,100,100,0.65,5,4,2,0,5779,639,641
131,131,21,41,100,100,0.65,5,5,5,0,5736,758,763
132,132,22,37,100,100,0.65,5,0,2,0,6534,50,52
133,133,22,41,100,100,0.65,5,1,6,0,6239,216,222
134,134,22,40,100,100,0.65,5,2,1,0,6234,363,364
135,135,22,38,100,100,0.65,5,3,8,0,6022,530,538
136,136,22,40,100,100,0.65,5,4,2,0,5809,642,644
137,138,23,38,100,100,0.65,5,0,3,0,6452,46,49
138,137,22,43,100,100,0.65,5,5,2,0,5794,684,686
139,139,23,39,100,100,0.65,5,1,5,0,6201,217,222
140,140,23,40,100,100,0.65,5,2,3,0,6078,393,396
141,141,23,37,100,100,0.65,5,3,6,0,5923,535,541
142,142,23,41,100,100,0.65,5,4,5,0,5905,650,655
143,143,23,41,100,100,0.65,5,5,6,0,5770,743,749
144,144,24,38,100,100,0.65,5,0,4,0,6473,48,52
145,145,24,41,100,100,0.65,5,1,3,0,6331,188,191
146,146,24,40,100,100,0.65,5,2,11,0,6112,381,392
147,147,24,41,100,100,0.65,5,3,6,0,6080,487,493
148,148,24,41,100,100,0.65,5,4,1,0,5927,588,589
149,149,24,40,100,100,0.65,5,5,1,0,5855,667,668
150,150,25,39,100,100,0.65,5,0,5,0,6373,60,65
151,151,25,37,100,100,0.65,5,1,7,0,6320,191,198
152,152,25,40,100,100,0.65,5,2,8,0,6106,387,395
153,153,25,39,100,100,0.65,5,3,0,0,6018,505,505
154,154,25,41,100,100,0.65,5,4,3,0,5832,651,654
155,155,25,41,100,100,0.65,5,5,5,0,5866,659,664
156,156,26,37,100,100,0.65,5,0,2,0,6471,51,53
157,157,26,38,100,100,0.65,5,1,4,0,6349,188,192
158,159,26,38,100,100,0.65,5,3,4,0,5958,531,535
159,158,26,39,100,100,0.65,5,2,6,0,6108,362,368
160,160,26,43,100,100,0.65,5,4,1,0,5891,636,637
161,161,26,42,100,100,0.65,5,5,7,0,5723,718,725
162,162,27,38,100,100,0.65,5,0,3,0,6452,41,44
163,163,27,42,100,100,0.65,5,1,10,0,6215,212,222
164,165,27,40,100,100,0.65,5,3,2,0,5969,510,512
165,164,27,42,100,100,0.65,5,2,5,0,6125,407,412
166,167,27,39,100,100,0.65,5,5,10,0,5742,770,780
167,166,27,42,100,100,0.65,5,4,3,0,5887,600,603
168,168,28,40,100,100,0.65,5,0,10,0,6459,49,59
169,169,28,38,100,100,0.65,5,1,2,0,6310,183,185
170,170,28,39,100,100,0.65,5,2,3,0,6078,400,403
171,171,28,42,100,100,0.65,5,3,7,0,5889,547,554
172,172,28,41,100,100,0.65,5,4,6,0,5826,631,637
173,175,29,40,100,100,0.65,5,1,10,0,6327,207,217
174,174,29,40,100,100,0.65,5,0,2,0,6460,33,35
175,173,28,43,100,100,0.65,5,5,6,0,5876,703,709
176,176,29,39,100,100,0.65,5,2,11,0,5983,385,396
177,177,29,41,100,100,0.65,5,3,1,0,6102,471,472
178,178,29,42,100,100,0.65,5,4,4,0,5937,602,606
179,180,30,36,100,100,0.65,5,0,3,0,6372,49,52
180,179,29,40,100,100,0.65,5,5,3,0,5811,703,706
181,182,30,38,100,100,0.65,5,2,4,0,6214,397,401
182,181,30,39,100,100,0.65,5,1,4,0,6348,211,215
183,183,30,40,100,100,0.65,5,3,7,0,5990,511,518
184,184,30,42,100,100,0.65,5,4,4,0,5772,643,647
185,185,30,44,100,100,0.65,5,5,12,0,5726,721,733
186,187,31,39,100,100,0.65,5,1,4,0,6316,189,193
187,186,31,38,100,100,0.65,5,0,5,0,6411,49,54
188,189,31,40,100,100,0.65,5,3,4,0,5975,535,539
189,190,31,41,100,100,0.65,5,4,1,0,5809,667,668
190,191,31,41,100,100,0.65,5,5,5,0,5830,685,690
191,188,31,40,100,100,0.65,5,2,9,0,6104,378,387
192,193,32,39,100,100,0.65,5,1,6,0,6200,209,215
193,192,32,38,100,100,0.65,5,0,7,0,6522,45,52
194,196,32,40,100,100,0.65,5,4,5,0,5870,649,654
195,198,33,38,100,100,0.65,5,0,8,0,6344,59,67
196,197,32,42,100,100,0.65,5,5,9,0,5802,732,741
197,194,32,38,100,100,0.65,5,2,6,0,6148,378,384
198,195,32,39,100,100,0.65,5,3,2,0,6013,536,538
199,199,33,39,100,100,0.65,5,1,1,0,6261,205,206
200,201,33,41,100,100,0.65,5,3,2,0,5931,538,540
201,205,34,40,100,100,0.65,5,1,5,0,6240,207,212
202,206,34,39,100,100,0.65,5,2,8,0,6090,366,374
203,200,33,41,100,100,0.65,5,2,8,0,6115,385,393
204,204,34,37,100,100,0.65,5,0,3,0,6368,56,59
205,202,33,43,100,100,0.65,5,4,8,0,5825,631,639
206,203,33,44,100,100,0.65,5,5,1,0,5773,726,727
207,207,34,41,100,100,0.65,5,3,8,0,5985,529,537
208,208,34,40,100,100,0.65,5,4,13,0,5860,653,666
209,210,35,39,100,100,0.65,5,0,1,0,6461,44,45
210,209,34,39,100,100,0.65,5,5,2,0,5846,710,712
211,211,35,37,100,100,0.65,5,1,17,0,6295,186,203
212,212,35,39,100,100,0.65,5,2,8,0,5973,410,418
213,213,35,40,100,100,0.65,5,3,3,0,5945,527,530
214,214,35,40,100,100,0.65,5,4,6,0,5818,643,649
215,215,35,43,100,100,0.65,5,5,2,0,5790,709,711
216,217,36,38,100,100,0.65,5,1,6,0,6352,178,184
217,216,36,38,100,100,0.65,5,0,4,0,6365,64,68
218,220,36,40,100,100,0.65,5,4,4,0,5854,671,675
219,219,36,39,100,100,0.65,5,3,4,0,6006,500,504
220,218,36,38,100,100,0.65,5,2,4,0,6132,399,403
221,221,36,40,100,100,0.65,5,5,2,0,5797,734,736
222,222,37,38,100,100,0.65,5,0,12,0,6436,33,45
223,223,37,38,100,100,0.65,5,1,4,0,6294,221,225
224,224,37,42,100,100,0.65,5,2,3,0,6009,368,371
225,226,37,40,100,100,0.65,5,4,8,0,5885,656,664
226,225,37,39,100,100,0.65,5,3,3,0,6117,482,485
227,229,38,37,100,100,0.65,5,1,5,0,6323,200,205
228,230,38,40,100,100,0.65,5,2,2,0,6155,352,354
229,227,37,38,100,100,0.65,5,5,5,0,5877,703,708
230,228,38,37,100,100,0.65,5,0,3,0,6414,40,43
231,231,38,39,100,100,0.65,5,3,8,0,5901,531,539
232,232,38,40,100,100,0.65,5,4,15,0,5808,643,658
233,233,38,42,100,100,0.65,5,5,9,0,5785,720,729
234,234,39,37,100,100,0.65,5,0,8,0,6490,43,51
235,236,39,38,100,100,0.65,5,2,5,0,6154,343,348
236,235,39,39,100,100,0.65,5,1,1,0,6336,202,203
237,237,39,40,100,100,0.65,5,3,5,0,6003,516,521
238,238,39,40,100,100,0.65,5,4,11,0,5826,678,689
239,239,39,42,100,100,0.65,5,5,6,0,5799,728,734
240,240,40,36,100,100,0.65,5,0,11,0,6493,39,50
241,242,40,39,100,100,0.65,5,2,3,0,6173,388,391
242,243,40,40,100,100,0.65,5,3,13,0,5999,481,494
243,244,40,39,100,100,0.65,5,4,6,0,5872,671,677
244,241,40,39,100,100,0.65,5,1,4,0,6289,202,206
245,245,40,41,100,100,0.65,5,5,3,0,5781,757,760
246,246,41,38,100,100,0.65,5,0,6,0,6421,33,39
247,247,41,39,100,100,0.65,5,1,1,0,6364,187,188
248,248,41,39,100,100,0.65,5,2,2,0,6085,403,405
249,249,41,39,100,100,0.65,5,3,1,0,6079,499,500
250,251,41,41,100,100,0.65,5,5,9,0,5836,700,709
251,250,41,42,100,100,0.65,5,4,4,0,5926,640,644
252,252,42,38,100,100,0.65,5,0,7,0,6415,49,56
253,253,42,38,100,100,0.65,5,1,9,0,6253,214,223
254,254,42,40,100,100,0.65,5,2,8,0,6069,370,378
255,255,42,39,100,100,0.65,5,3,9,0,5896,534,543
256,256,42,40,100,100,0.65,5,4,5,0,5792,644,649
257,258,43,38,100,100,0.65,5,0,15,0,6470,55,70
258,257,42,42,100,100,0.65,5,5,5,0,5756,716,721
259,259,43,40,100,100,0.65,5,1,2,0,6273,213,215
260,260,43,38,100,100,0.65,5,2,13,0,6125,400,413
261,261,43,43,100,100,0.65,5,3,4,0,5900,552,556
262,262,43,40,100,100,0.65,5,4,2,0,6042,584,586
263,264,44,37,100,100,0.65,5,0,10,0,6468,40,50
264,263,43,39,100,100,0.65,5,5,1,0,5805,719,720
265,265,44,39,100,100,0.65,5,1,1,0,6266,232,233
266,267,44,38,100,100,0.65,5,3,2,0,5986,537,539
267,266,44,43,100,100,0.65,5,2,5,0,6086,398,403
268,268,44,42,100,100,0.65,5,4,7,0,5837,639,646
269,269,44,43,100,100,0.65,5,5,1,0,5775,741,742
270,270,45,41,100,100,0.65,5,0,7,0,6414,55,62
271,271,45,39,100,100,0.65,5,1,2,0,6332,180,182
272,272,45,39,100,100,0.65,5,2,2,0,6095,385,387
273,273,45,38,100,100,0.65,5,3,9,0,5940,551,560
274,274,45,42,100,100,0.65,5,4,3,0,5853,630,633
275,275,45,41,100,100,0.65,5,5,2,0,5790,748,750
276,276,46,40,100,100,0.65,5,0,4,0,6353,50,54
277,279,46,42,100,100,0.65,5,3,0,0,5937,533,533
278,277,46,40,100,100,0.65,5,1,6,0,6268,195,201
279,278,46,39,100,100,0.65,5,2,4,0,6113,358,362
280,281,46,40,100,100,0.65,5,5,1,0,5801,755,756
281,282,47,36,100,100,0.65,5,0,3,0,6455,44,47
282,283,47,39,100,100,0.65,5,1,10,0,6360,198,208
283,280,46,40,100,100,0.65,5,4,10,0,5889,640,650
284,284,47,40,100,100,0.65,5,2,19,0,6012,402,421
285,285,47,39,100,100,0.65,5,3,4,0,5919,532,536
286,286,47,42,100,100,0.65,5,4,18,0,5903,603,621
287,288,48,40,100,100,0.65,5,0,5,0,6500,50,55
288,287,47,41,100,100,0.65,5,5,4,0,5769,749,753
289,289,48,39,100,100,0.65,5,1,12,0,6230,200,212
290,290,48,39,100,100,0.65,5,2,9,0,6184,371,380
291,291,48,41,100,100,0.65,5,3,5,0,5952,537,542
292,293,48,41,100,100,0.65,5,5,6,0,5688,761,767
293,292,48,40,100,100,0.65,5,4,1,0,6015,681,682
294,295,49,39,100,100,0.65,5,1,6,0,6258,189,195
295,297,49,37,100,100,0.65,5,3,11,0,6007,502,513
296,294,49,40,100,100,0.65,5,0,17,0,6400,49,66
297,296,49,40,100,100,0.65,5,2,8,0,6095,381,389
298,298,49,40,100,100,0.65,5,4,8,0,5909,614,622
299,299,49,41,100,100,0.65,5,5,2,0,5732,750,752
300,300,50,39,100,100,0.65,5,0,5,0,6499,41,46
301,301,50,40,100,100,0.65,5,1,6,0,6268,213,219
302,302,50,40,100,100,0.65,5,2,2,0,6042,398,400
303,303,50,40,100,100,0.65,5,3,2,0,5999,495,497
304,306,51,40,100,100,0.65,5,0,7,0,6408,40,47
305,304,50,40,100,100,0.65,5,4,3,0,5944,618,621
306,305,50,43,100,100,0.65,5,5,9,0,5784,718,727
307,307,51,40,100,100,0.65,5,1,6,0,6211,207,213
308,308,51,38,100,100,0.65,5,2,2,0,6052,389,391
309,310,51,41,100,100,0.65,5,4,2,0,5851,644,646
310,311,51,42,100,100,0.65,5,5,6,0,5728,735,741
311,309,51,41,100,100,0.65,5,3,14,0,5937,498,512
312,312,52,38,100,100,0.65,5,0,3,0,6493,41,44
313,313,52,38,100,100,0.65,5,1,2,0,6318,190,192
314,314,52,42,100,100,0.65,5,2,6,0,6038,411,417
315,316,52,40,100,100,0.65,5,4,1,0,5781,671,672
316,315,52,40,100,100,0.65,5,3,17,0,5967,525,542
317,317,52,42,100,100,0.65,5,5,3,0,5759,729,732
318,318,53,40,100,100,0.65,5,0,4,0,6393,34,38
319,320,53,39,100,100,0.65,5,2,2,0,6080,383,385
320,319,53,37,100,100,0.65,5,1,7,0,6264,218,225
321,321,53,40,100,100,0.65,5,3,5,0,5881,533,538
322,322,53,43,100,100,0.65,5,4,5,0,5760,627,632
323,323,53,44,100,100,0.65,5,5,11,0,5745,736,747
324,324,54,38,100,100,0.65,5,0,5,0,6448,53,58
325,325,54,39,100,100,0.65,5,1,5,0,6212,207,212
326,326,54,42,100,100,0.65,5,2,3,0,6061,391,394
327,327,54,39,100,100,0.65,5,3,9,0,5941,518,527
328,328,54,41,100,100,0.65,5,4,2,0,5804,649,651
329,331,55,36,100,100,0.65,5,1,3,0,6286,179,182
330,329,54,41,100,100,0.65,5,5,8,0,5794,733,741
331,330,55,40,100,100,0.65,5,0,5,0,6451,35,40
332,333,55,39,100,100,0.65,5,3,2,0,6062,512,514
333,332,55,39,100,100,0.65,5,2,2,0,6051,385,387
334,334,55,41,100,100,0.65,5,4,4,0,5796,632,636
335,335,55,40,100,100,0.65,5,5,4,0,5746,753,757
336,336,56,37,100,100,0.65,5,0,5,0,6456,47,52
337,337,56,41,100,100,0.65,5,1,1,0,6257,216,217
338,338,56,39,100,100,0.65,5,2,10,0,6151,401,411
339,339,56,40,100,100,0.65,5,3,2,0,5908,534,536
340,340,56,40,100,100,0.65,5,4,7,0,5765,677,684
341,342,57,38,100,100,0.65,5,0,7,0,6458,35,42
342,343,57,38,100,100,0.65,5,1,3,0,6335,183,186
343,341,56,42,100,100,0.65,5,5,3,0,5781,704,707
344,344,57,38,100,100,0.65,5,2,1,0,6161,368,369
345,345,57,41,100,100,0.65,5,3,11,0,5908,508,519
346,348,58,36,100,100,0.65,5,0,4,0,6516,40,44
347,349,58,39,100,100,0.65,5,1,2,0,6296,192,194
348,346,57,40,100,100,0.65,5,4,3,0,5830,658,661
349,347,57,41,100,100,0.65,5,5,5,0,5785,714,719
350,350,58,41,100,100,0.65,5,2,1,0,6054,416,417
351,351,58,40,100,100,0.65,5,3,6,0,6034,499,505
352,352,58,41,100,100,0.65,5,4,1,0,5980,624,625
353,353,58,40,100,100,0.65,5,5,7,0,5778,716,723
354,354,59,38,100,100,0.65,5,0,4,0,6489,41,45
355,355,59,39,100,100,0.65,5,1,12,0,6217,218,230
356,357,59,40,100,100,0.65,5,3,6,0,5995,491,497
357,358,59,40,100,100,0.65,5,4,11,0,5845,635,646
358,356,59,39,100,100,0.65,5,2,3,0,6171,376,379
359,359,59,42,100,100,0.65,5,5,3,0,5772,724,727
360,361,60,41,100,100,0.65,5,1,1,0,6279,214,215
361,362,60,39,100,100,0.65,5,2,5,0,6092,381,386
362,360,60,38,100,100,0.65,5,0,2,0,6479,35,37
363,363,60,40,100,100,0.65,5,3,6,0,5988,514,520
364,364,60,40,100,100,0.65,5,4,3,0,5844,617,620
365,365,60,42,100,100,0.65,5,5,7,0,5710,731,738
366,366,61,40,100,100,0.65,5,0,5,0,6309,59,64
367,367,61,38,100,100,0.65,5,1,2,0,6307,203,205
368,368,61,38,100,100,0.65,5,2,4,0,6065,426,430
369,369,61,41,100,100,0.65,5,3,4,0,5874,584,588
370,370,61,40,100,100,0.65,5,4,4,0,5888,632,636
371,372,62,38,100,100,0.65,5,0,2,0,6474,35,37
372,371,61,43,100,100,0.65,5,5,2,0,5761,728,730
373,373,62,39,100,100,0.65,5,1,9,0,6206,197,206
374,374,62,41,100,100,0.65,5,2,4,0,6073,381,385
375,375,62,42,100,100,0.65,5,3,7,0,6034,499,506
376,376,62,42,100,100,0.65,5,4,14,0,5832,639,653
377,377,62,40,100,100,0.65,5,5,16,0,5758,736,752
378,378,63,38,100,100,0.65,5,0,8,0,6374,45,53
379,379,63,38,100,100,0.65,5,1,8,0,6301,200,208
380,380,63,40,100,100,0.65,5,2,0,0,6119,379,379
381,381,63,39,100,100,0.65,5,3,12,0,5836,523,535
382,382,63,41,100,100,0.65,5,4,3,0,5782,641,644
383,385,64,39,100,100,0.65,5,1,3,0,6224,208,211
384,383,63,39,100,100,0.65,5,5,6,0,5834,731,737
385,384,64,40,100,100,0.65,5,0,24,0,6519,35,59
386,386,64,38,100,100,0.65,5,2,4,0,6169,374,378
387,387,64,39,100,100,0.65,5,3,4,0,6022,512,516
388,388,64,39,100,100,0.65,5,4,8,0,5873,604,612
389,389,64,42,100,100,0.65,5,5,0,0,5884,680,680
390,390,65,38,100,100,0.65,5,0,10,0,6477,49,59
391,392,65,37,100,100,0.65,5,2,3,0,6211,388,391
392,391,65,38,100,100,0.65,5,1,4,0,6334,167,171
393,396,66,36,100,100,0.65,5,0,9,0,6433,48,57
394,395,65,42,100,100,0.65,5,5,9,0,5730,712,721
395,393,65,39,100,100,0.65,5,3,1,0,6057,497,498
396,394,65,40,100,100,0.65,5,4,6,0,5968,629,635
397,397,66,39,100,100,0.65,5,1,1,0,6301,210,211
398,398,66,39,100,100,0.65,5,2,6,0,6210,369,375
399,399,66,41,100,100,0.65,5,3,0,0,5986,544,544
400,400,66,42,100,100,0.65,5,4,4,0,5822,627,631
401,401,66,40,100,100,0.65,5,5,0,0,5789,751,751
402,402,67,37,100,100,0.65,5,0,5,0,6415,57,62
403,403,67,37,100,100,0.65,5,1,7,0,6336,209,216
404,404,67,41,100,100,0.65,5,2,6,0,6106,395,401
405,405,67,42,100,100,0.65,5,3,3,0,5874,501,504
406,408,68,38,100,100,0.65,5,0,4,0,6369,59,63
407,407,67,42,100,100,0.65,5,5,3,0,5681,725,728
408,406,67,40,100,100,0.65,5,4,12,0,5868,640,652
409,409,68,39,100,100,0.65,5,1,4,0,6337,198,202
410,410,68,39,100,100,0.65,5,2,1,0,6087,401,402
411,411,68,39,100,100,0.65,5,3,1,0,6019,531,532
412,412,68,39,100,100,0.65,5,4,3,0,5895,607,610
413,415,69,37,100,100,0.65,5,1,2,0,6330,190,192
414,414,69,42,100,100,0.65,5,0,4,0,6394,45,49
415,417,69,40,100,100,0.65,5,3,1,0,5899,554,555
416,418,69,41,100,100,0.65,5,4,6,0,5869,602,608
417,413,68,43,100,100,0.65,5,5,9,0,5846,692,701
418,416,69,40,100,100,0.65,5,2,1,0,6126,374,375
419,419,69,41,100,100,0.65,5,5,4,0,5761,712,716
420,420,70,41,100,100,0.65,5,0,0,0,6414,66,66
421,421,70,38,100,100,0.65,5,1,2,0,6275,202,204
422,422,70,39,100,100,0.65,5,2,2,0,6150,392,394
423,423,70,37,100,100,0.65,5,3,4,0,5976,521,525
424,424,70,41,100,100,0.65,5,4,3,0,5886,635,638
425,425,70,42,100,100,0.65,5,5,11,0,5741,713,724
426,426,71,41,100,100,0.65,5,0,3,0,6503,44,47
427,427,71,37,100,100,0.65,5,1,6,0,6339,200,206
428,428,71,38,100,100,0.65,5,2,10,0,6066,375,385
429,429,71,40,100,100,0.65,5,3,6,0,5993,548,554
430,430,71,40,100,100,0.65,5,4,5,0,5805,651,656
431,431,71,41,100,100,0.65,5,5,4,0,5719,733,737
432,432,72,38,100,100,0.65,5,0,5,0,6455,48,53
433,434,72,38,100,100,0.65,5,2,3,0,6153,372,375
434,433,72,42,100,100,0.65,5,1,0,0,6245,228,228
435,438,73,37,100,100,0.65,5,0,4,0,6388,51,55
436,435,72,42,100,100,0.65,5,3,9,0,5998,527,536
437,437,72,40,100,100,0.65,5,5,0,0,5835,688,688
438,436,72,41,100,100,0.65,5,4,8,0,5801,665,673
439,439,73,40,100,100,0.65,5,1,3,0,6309,191,194
440,440,73,39,100,100,0.65,5,2,4,0,6138,385,389
441,441,73,39,100,100,0.65,5,3,3,0,6031,521,524
442,442,73,41,100,100,0.65,5,4,2,0,5851,654,656
443,443,73,42,100,100,0.65,5,5,4,0,5699,735,739
444,445,74,41,100,100,0.65,5,1,0,0,6239,198,198
445,447,74,41,100,100,0.65,5,3,9,0,6042,522,531
446,448,74,40,100,100,0.65,5,4,7,0,5983,618,625
447,446,74,39,100,100,0.65,5,2,7,0,6080,354,361
448,444,74,39,100,100,0.65,5,0,5,0,6475,33,38
449,450,75,36,100,100,0.65,5,0,5,0,6461,50,55
450,449,74,44,100,100,0.65,5,5,5,0,5840,698,703
451,451,75,36,100,100,0.65,5,1,1,0,6365,209,210
452,452,75,39,100,100,0.65,5,2,5,0,6150,384,389
453,453,75,39,100,100,0.65,5,3,0,0,5962,551,551
454,456,76,36,100,100,0.65,5,0,1,0,6433,56,57
455,455,75,41,100,100,0.65,5,5,4,0,5774,732,736
456,454,75,41,100,100,0.65,5,4,13,0,5950,625,638
457,457,76,40,100,100,0.65,5,1,9,0,6231,225,234
458,459,76,40,100,100,0.65,5,3,14,0,5839,552,566
459,458,76,40,100,100,0.65,5,2,2,0,6151,354,356
460,460,76,46,100,100,0.65,5,4,9,0,5806,665,674
461,461,76,41,100,100,0.65,5,5,2,0,5664,766,768
462,463,77,38,100,100,0.65,5,1,9,0,6341,202,211
463,462,77,40,100,100,0.65,5,0,5,0,6379,58,63
464,464,77,40,100,100,0.65,5,2,10,0,6123,386,396
465,466,77,40,100,100,0.65,5,4,2,0,5844,649,651
466,465,77,39,100,100,0.65,5,3,3,0,6049,501,504
467,468,78,38,100,100,0.65,5,0,1,0,6482,36,37
468,467,77,40,100,100,0.65,5,5,16,0,5758,739,755
469,469,78,40,100,100,0.65,5,1,10,0,6276,201,211
470,470,78,38,100,100,0.65,5,2,0,0,6094,396,396
471,471,78,40,100,100,0.65,5,3,2,0,6038,499,501
472,472,78,41,100,100,0.65,5,4,5,0,5806,655,660
473,473,78,39,100,100,0.65,5,5,6,0,5796,725,731
474,475,79,38,100,100,0.65,5,1,10,0,6304,199,209
475,477,79,39,100,100,0.65,5,3,3,0,6011,485,488
476,474,79,38,100,100,0.65,5,0,5,0,6473,37,42
477,478,79,42,100,100,0.65,5,4,4,0,5886,645,649
478,476,79,41,100,100,0.65,5,2,6,0,6141,367,373
479,479,79,42,100,100,0.65,5,5,3,0,5723,731,734
480,481,80,40,100,100,0.65,5,1,0,0,6307,226,226
481,480,80,40,100,100,0.65,5,0,5,0,6341,50,55
482,482,80,39,100,100,0.65,5,2,5,0,6184,352,357
483,483,80,40,100,100,0.65,5,3,9,0,5985,532,541
484,485,80,43,100,100,0.65,5,5,5,0,5917,669,674
485,484,80,40,100,100,0.65,5,4,9,0,5878,655,664
486,486,81,38,100,100,0.65,5,0,8,0,6502,50,58
487,488,81,39,100,100,0.65,5,2,6,0,6074,353,359
488,487,81,40,100,100,0.65,5,1,2,0,6271,205,207
489,489,81,39,100,100,0.65,5,3,10,0,5935,513,523
490,490,81,41,100,100,0.65,5,4,2,0,5833,623,625
491,491,81,41,100,100,0.65,5,5,4,0,5773,701,705
492,492,82,38,100,100,0.65,5,0,11,0,6403,48,59
493,493,82,38,100,100,0.65,5,1,7,0,6306,217,224
494,494,82,38,100,100,0.65,5,2,2,0,6153,372,374
495,495,82,44,100,100,0.65,5,3,2,0,5897,511,513
496,498,83,41,100,100,0.65,5,0,5,0,6482,35,40
497,496,82,41,100,100,0.65,5,4,4,0,5817,629,633
498,497,82,39,100,100,0.65,5,5,9,0,5829,684,693
499,499,83,39,100,100,0.65,5,1,2,0,6285,209,211
500,500,83,38,100,100,0.65,5,2,8,0,6193,375,383
501,501,83,40,100,100,0.65,5,3,8,0,5964,543,551
502,502,83,40,100,100,0.65,5,4,3,0,5875,611,614
503,503,83,42,100,100,0.65,5,5,4,0,5663,736,740
504,504,84,38,100,100,0.65,5,0,24,0,6429,45,69
505,505,84,38,100,100,0.65,5,1,7,0,6250,220,227
506,507,84,39,100,100,0.65,5,3,2,0,6009,472,474
507,506,84,41,100,100,0.65,5,2,3,0,6005,408,411
508,508,84,40,100,100,0.65,5,4,8,0,5866,617,625
509,509,84,40,100,100,0.65,5,5,8,0,5725,718,726
510,510,85,37,100,100,0.65,5,0,7,0,6457,51,58
511,511,85,41,100,100,0.65,5,1,6,0,6211,202,208
512,512,85,38,100,100,0.65,5,2,5,0,6109,404,409
513,513,85,41,100,100,0.65,5,3,1,0,5911,493,494
514,514,85,39,100,100,0.65,5,4,6,0,5865,630,636
515,515,85,40,100,100,0.65,5,5,5,0,5808,694,699
516,516,86,38,100,100,0.65,5,0,2,0,6459,54,56
517,517,86,41,100,100,0.65,5,1,0,0,6327,171,171
518,518,86,40,100,100,0.65,5,2,8,0,6037,401,409
519,519,86,40,100,100,0.65,5,3,5,0,6019,512,517
520,520,86,40,100,100,0.65,5,4,7,0,5807,657,664
521,522,87,39,100,100,0.65,5,0,5,0,6436,51,56
522,521,86,40,100,100,0.65,5,5,7,0,5802,696,703
523,524,87,40,100,100,0.65,5,2,1,0,6072,398,399
524,523,87,38,100,100,0.65,5,1,8,0,6399,187,195
525,528,88,37,100,100,0.65,5,0,4,0,6492,57,61
526,527,87,41,100,100,0.65,5,5,1,0,5743,740,741
527,525,87,40,100,100,0.65,5,3,2,0,5995,525,527
528,529,88,39,100,100,0.65,5,1,4,0,6283,210,214
529,531,88,42,100,100,0.65,5,3,9,0,5998,513,522
530,526,87,43,100,100,0.65,5,4,4,0,5808,648,652
531,530,88,40,100,100,0.65,5,2,7,0,6169,377,384
532,534,89,37,100,100,0.65,5,0,1,0,6450,47,48
533,532,88,42,100,100,0.65,5,4,5,0,5956,589,594
534,533,88,43,100,100,0.65,5,5,6,0,5673,746,752
535,536,89,38,100,100,0.65,5,2,6,0,6002,420,426
536,535,89,40,100,100,0.65,5,1,3,0,6243,211,214
537,537,89,42,100,100,0.65,5,3,5,0,5987,512,517
538,538,89,42,100,100,0.65,5,4,2,0,5758,705,707
539,539,89,43,100,100,0.65,5,5,6,0,5666,760,766
540,540,90,39,100,100,0.65,5,0,2,0,6430,37,39
541,541,90,40,100,100,0.65,5,1,6,0,6295,196,202
542,542,90,41,100,100,0.65,5,2,3,0,6090,379,382
543,543,90,39,100,100,0.65,5,3,5,0,6040,514,519
544,545,90,43,100,100,0.65,5,5,4,0,5813,721,725
545,544,90,41,100,100,0.65,5,4,5,0,5793,637,642
546,546,91,36,100,100,0.65,5,0,3,0,6512,43,46
547,548,91,37,100,100,0.65,5,2,3,0,6144,385,388
548,547,91,38,100,100,0.65,5,1,4,0,6296,202,206
549,550,91,43,100,100,0.65,5,4,3,0,5873,635,638
550,551,91,42,100,100,0.65,5,5,8,0,5810,723,731
551,549,91,39,100,100,0.65,5,3,11,0,5959,532,543
552,552,92,40,100,100,0.65,5,0,5,0,6422,31,36
553,553,92,38,100,100,0.65,5,1,17,0,6218,195,212
554,554,92,38,100,100,0.65,5,2,7,0,6079,392,399
555,555,92,40,100,100,0.65,5,3,10,0,5945,513,523
556,557,92,43,100,100,0.65,5,5,7,0,5677,739,746
557,558,93,38,100,100,0.65,5,0,4,0,6508,33,37
558,556,92,41,100,100,0.65,5,4,5,0,5862,647,652
559,559,93,39,100,100,0.65,5,1,4,0,6299,226,230
560,560,93,40,100,100,0.65,5,2,1,0,6131,404,405
561,561,93,40,100,100,0.65,5,3,4,0,5994,522,526
562,563,93,40,100,100,0.65,5,5,3,0,5783,727,730
563,562,93,40,100,100,0.65,5,4,6,0,5826,650,656
564,564,94,35,100,100,0.65,5,0,0,0,6454,45,45
565,565,94,39,100,100,0.65,5,1,6,0,6337,192,198
566,566,94,39,100,100,0.65,5,2,6,0,6142,417,423
567,567,94,41,100,100,0.65,5,3,6,0,5946,545,551
568,568,94,40,100,100,0.65,5,4,6,0,5851,658,664
569,569,94,42,100,100,0.65,5,5,1,0,5833,705,706
570,570,95,36,100,100,0.65,5,0,5,0,6459,46,51
571,571,95,39,100,100,0.65,5,1,5,0,6406,202,207
572,572,95,40,100,100,0.65,5,2,5,0,6156,360,365
573,573,95,39,100,100,0.65,5,3,6,0,6011,542,548
574,574,95,40,100,100,0.65,5,4,8,0,5890,609,617
575,576,96,38,100,100,0.65,5,0,10,0,6516,53,63
576,575,95,42,100,100,0.65,5,5,1,0,5779,720,721
577,577,96,38,100,100,0.65,5,1,9,0,6294,198,207
578,578,96,42,100,100,0.65,5,2,9,0,6003,409,418
579,579,96,40,100,100,0.65,5,3,1,0,5971,533,534
580,580,96,40,100,100,0.65,5,4,1,0,5957,611,612
581,581,96,42,100,100,0.65,5,5,11,0,5738,716,727
582,582,97,35,100,100,0.65,5,0,0,0,6452,41,41
583,583,97,40,100,100,0.65,5,1,2,0,6358,182,184
584,584,97,40,100,100,0.65,5,2,4,0,5978,406,410
585,586,97,38,100,100,0.65,5,4,2,0,5855,641,643
586,585,97,39,100,100,0.65,5,3,1,0,5884,525,526
587,588,98,39,100,100,0.65,5,0,7,0,6374,43,50
588,589,98,38,100,100,0.65,5,1,10,0,6358,200,210
589,587,97,42,100,100,0.65,5,5,4,0,5714,708,712
590,590,98,41,100,100,0.65,5,2,2,0,6127,385,387
591,591,98,38,100,100,0.65,5,3,7,0,5969,509,516
592,592,98,43,100,100,0.65,5,4,7,0,5794,657,664
593,593,98,45,100,100,0.65,5,5,0,0,5696,739,739
594,594,99,38,100,100,0.65,5,0,5,0,6495,50,55
595,595,99,39,100,100,0.65,5,1,3,0,6336,192,195
596,596,99,40,100,100,0.65,5,2,3,0,6222,350,353
597,597,99,39,100,100,0.65,5,3,4,0,5943,518,522
598,598,99,42,100,100,0.65,5,4,1,0,5867,643,644
599,599,99,42,100,100,0.65,5,5,0,0,5795,697,697
